observableId	experimentId	time	simulation
obs_a	e0	1	0.7025430017170664
obs_a	e0	10	0.7142856746891086
