observableId	experimentId	time	simulation
obs_a	e0	10	2.4285719037306968
obs_a	e1	10	3.4285719037306968
