observableId	experimentId	time	simulation	observableParameters	noiseParameters
obs_a		0.0	4.0		
obs_A		0.0	2.0		
obs_b		0.0	2.0		
obs_B		0.0	1.0		
obs_a		5.0	2.000000611804641		
obs_A		5.0	1.0000003059023206		
obs_b		5.0	3.999999388195359		
obs_B		5.0	1.9999996940976794		
obs_a		10.0	10.0		
obs_A		10.0	2.5		
obs_b		10.0	4.0		
obs_B		10.0	1.0		
obs_a		15.0	4.6666682981457095		
obs_A		15.0	1.1666670745364274		
obs_b		15.0	9.333331701854291		
obs_B		15.0	2.333332925463573		
