observableId	experimentId	time	simulation
obs_a	e0	1	0.48728499141466824
obs_a	e0	10	0.42857162655445696
