observableId	experimentId	time	simulation
obs_a	e0	0	0.8
obs_a	e0	10	0.771428595186535
obs_a	e1	0	0.9
obs_a	e1	10	0.8142857855596045
