observableId	experimentId	time	simulation
obs_a	e0	1	0.7847419896976019
obs_a	e0	10	0.7142859518653484
